表示する名前,SNSリンク等,役割
真神　雅,https://x.com/miyabi_makami?s=21,応援
8000年の追憶,,応援
らいと,https://x.com/RqiT_mygo,建築
ｹｺｰﾝ汁彩葉エキス100%,https://x.com/shinosawa_lover?s=21,"テストプレイ, 応援"
yachi8160,,テストプレイ
sacotu ,https://x.com/yachiyo0111,"テストプレイ, 応援"
ジャかず,,応援
いろはい,,応援
まめつぶ,https://x.com/mametubulv?s=21,"建築, 応援"
ミラチュウ,https://youtube.com/@miratyuu33739?si=BxpR3ZqLdaeQ5pn-,応援
あまゆき,https://twitter.com/EnjoyCreate2960?t=mnLHzVXDzI4m2RkJJ9bGQA&s=06,"建築, 開発"
すてぃっくぜい,,建築
はるこ,,応援
OilRice,https://x.com/OilRice_Creator,"テストプレイ, 応援"
abcd__human,https://x.com/abcd__human,応援
かんた（無職）,https://x.com/misetekuretana?s=21,建築
ふじはる,,建築
黄泉,https://x.com/7b6MlQsVu26832,"建築, 応援"
lita,,建築
メソメソ,https://x.com/mesomeso826　https://youtube.com/channel/UChAT-saFJ87B3TVRWsZBZ1A?si=_uePosLrY52ubl5U,"建築, 開発"
kaddis,https://x.com/kabikabi0418,テストプレイ
冬兎,https://x.com/Fuyuto0322_No9,"建築, 応援"
ありす,https://x.com/_nihoheycy?s=21,"建築, 応援"
海月アイ,https://youtube.com/@mitsuki__ai?si=JQ0e51qLIrOpwdq-,応援
Amate,https://x.com/mga0322?s=21,応援
Mr.PRIUS,https://x.com/kikotomas99999,建築
しお,,"建築, 応援"
みな,https://x.com/37mina_no37?s=21,テストプレイ
ぜんまい,https://x.com/game_zenmai?s=21,応援
ひーくん,https://x.com/love_orekuro,応援
ゆないと,,建築
yachi8168,,建築
豚スキン,,建築
タッカー,,建築
さたけ,,応援
雷鳴唸る狼,,応援
RAIBUchannel,https://x.com/raibu_raibu?s=11&t=aANJDAY-uKzObtoeYQyEQQ,"建築, 開発"
KEI,https://x.com/syawake1?s=11&t=X-pu3HqAwV-vibIcSjsBKw,建築
足枷,https://x.com/whg0yc5l0j52774?s=11,建築
にしき,,"建築, テストプレイ"
Llyn(super fast)@HND,https://x.com/abcd__human,応援
krakkuko,,応援
猫桜,https://x.com/nekos_td?s=11,応援
白浜尤疾/えひも,https://x.com/Ehimosesu_ex,建築
ゆうひch,https://x.com/yuuhichsabu?s=11,"建築, 開発, テストプレイ"
naan012,https://x.com/sr2181525348976?s=11,建築
にほへ,https://x.com/PT1RgN1BcW64525,建築
Haruka168,https://x.com/_minaharu_333,建築
モガミ,https://x.com/mogamoga_16?s=11&t=I1vRITdp_VtLGEafwxzv5w,建築
かのん,https://x.com/ritu_018,"テストプレイ, 応援"
グレ,,応援
YCY,,建築
Ninjaga,https://x.com/ninjaga53251?s=11,テストプレイ
狐,https://x.com/kitunedayo16?s=11,応援
α,,"建築, 応援"
むらさき,https://x.com/Huneski,建築
春,,応援
こかいざ,https://x.com/KokaizaTukuyomi,"テストプレイ, 応援"
アニヲタ_G19L25@クーリア/ノノア推し,https://x.com/G19L25,"建築, 開発, テストプレイ, 応援"
やちおに,https://x.com/yationi_illust?s=11,建築
やちやちやちやちやちやちやちや,,建築
ぱる,https://x.com/yatiyo315,建築
ねむI,https://x.com/I7399897690817,建築
さい,https://x.com/gp2_0g?s=11&t=IAw1hSfuB0-vMJe6cm_7cg,建築
s,,"テストプレイ, 応援"
XiaoAnIsMe,https://space.bilibili.com/2119475683,建築
しおさん,https://x.com/bocchi_the_sio?s=11,"建築, 応援"
やじ,,応援
Tekika,https://x.com/tekika3141?s=11,"建築, 開発, テストプレイ"
らぁと,https://twitter.com/raato_mirratube,テストプレイ
ぽてち,,応援
かんた,,テストプレイ
H-renn,https://x.com/HRenn13?s=20,建築
るいゆく「るいングだよ」,,建築
miiizey,,応援
きのぴおたいちょ～～,,テストプレイ
burakuma,https://x.com/burakuma7?s=11,テストプレイ
タカシヤマダ,,応援
そらまめ,,テストプレイ
ねこりんクラフターズコロニー,tiktok.com/@neco_rin0611(TikTok)   https://minecraft-mcworld.com/author/82661db1bafe31fd4f3167ff9f6d2e6818f4b19e/(クラフターズコロニー),"開発, 応援"
ヤオよろー,,応援
かものはし,https://youtube.com/channel/UCE3RW0swE1ENpaIqzkmgIZQ?si=3N-TwSuQbYZAADFH,応援
Tチキン,https://x.com/tchicken2810re?s=11,"建築, 開発"
透,,テストプレイ
KY,,応援
佐藤れつ,https://x.com/Satouretu0213,"建築, テストプレイ"
たけたけ,https://x.com/kaguiroyati?s=11,建築
みやも,,応援
翁（ヨッシー）,,"建築, 開発, テストプレイ"
Dakura,,応援
わもち,,"建築, テストプレイ, 応援"
ぼくちゃん,,応援
